{
  "version": 1,
  "author": "Andita Mayla Tifanny",
  "editor": "wokwi",
  "parts": [
    {
      "type": "board-esp32-devkit-c-v4",
      "id": "esp",
      "top": -259.2,
      "left": -609.56,
      "attrs": {}
    },
    { "type": "wokwi-led", "id": "led1", "top": -90, "left": -399.4, "attrs": { "color": "red" } },
    {
      "type": "wokwi-pushbutton",
      "id": "btn1",
      "top": -176.2,
      "left": -307.2,
      "attrs": { "color": "green", "xray": "1" }
    },
    { "type": "wokwi-relay-module", "id": "relay1", "top": -345.4, "left": -259.2, "attrs": {} }
  ],
  "connections": [
    [ "esp:TX", "$serialMonitor:RX", "", [] ],
    [ "esp:RX", "$serialMonitor:TX", "", [] ],
    [ "relay1:VCC", "esp:3V3", "red", [ "h-345.6", "v96" ] ],
    [ "relay1:GND", "esp:GND.2", "black", [ "h-249.6", "v86" ] ],
    [ "relay1:IN", "esp:23", "green", [ "h-249.6", "v86.2" ] ],
    [ "btn1:1.l", "esp:19", "green", [ "h-201.6" ] ],
    [ "btn1:2.l", "esp:GND.2", "green", [ "h-201.6", "v-86.2" ] ],
    [ "led1:C", "esp:GND.2", "green", [ "v-182.4", "h-124.4" ] ],
    [ "led1:A", "esp:18", "green", [ "v-105.6", "h-134.4" ] ]
  ],
  "dependencies": {}
}