{
    "version": 1,
    "author": "Andita Mayla Tifanny",
    "editor": "wokwi",
    "parts": [
      { "type": "board-esp32-devkit-c-v4", "id": "esp", "top": 0, "left": 0, "attrs": {} },
      { "type": "wokwi-hc-sr04", "id": "ultrasonic1", "top": -104.1, "left": 149.5, "attrs": {} }
    ],
    "connections": [
      [ "esp:TX", "$serialMonitor:RX", "", [] ],
      [ "esp:RX", "$serialMonitor:TX", "", [] ],
      [ "ultrasonic1:VCC", "esp:5V", "red", [ "v211.2", "h-211.2" ] ],
      [ "ultrasonic1:TRIG", "esp:5", "green", [ "v124.8", "h-134.8" ] ],
      [ "ultrasonic1:ECHO", "esp:18", "green", [ "v115.2", "h-135.2" ] ],
      [ "ultrasonic1:GND", "esp:GND.3", "black", [ "v96", "h-145.2" ] ]
    ],
    "dependencies": {}
  }