{
  "version": 1,
  "author": "Andita Mayla Tifanny",
  "editor": "wokwi",
  "parts": [
    { "type": "board-esp32-devkit-c-v4", "id": "esp", "top": 0, "left": 0, "attrs": {} },
    { "type": "wokwi-led", "id": "led1", "top": 25.2, "left": -63.4, "attrs": { "color": "red" } },
    {
      "type": "wokwi-led",
      "id": "led2",
      "top": 25.2,
      "left": -101.8,
      "attrs": { "color": "yellow" }
    }
  ],
  "connections": [
    [ "esp:TX", "$serialMonitor:RX", "", [] ],
    [ "esp:RX", "$serialMonitor:TX", "", [] ],
    [ "led1:A", "esp:26", "green", [ "v48", "h38.4" ] ],
    [ "led1:C", "esp:GND.1", "green", [ "v86.4", "h58" ] ],
    [ "led2:A", "esp:25", "green", [ "v38.4", "h86.4" ] ],
    [ "led2:C", "esp:GND.1", "green", [ "v86.4", "h86.8" ] ]
  ],
  "dependencies": {}
}